{
  "threshold": 0.3,
  "subset_accuracy": 0.7083333333333334,
  "hamming_loss": 0.10416666666666667,
  "precision_micro": 0.8125,
  "recall_micro": 0.9454545454545454,
  "f1_micro": 0.8739495798319328,
  "precision_macro": 0.8168046928916494,
  "recall_macro": 0.9444444444444443,
  "f1_macro": 0.8750748823277705,
  "precision_weighted": 0.818403914925654,
  "recall_weighted": 0.9454545454545454,
  "f1_weighted": 0.8764371571945384,
  "precision_samples": 0.8645833333333334,
  "recall_samples": 0.9583333333333334,
  "f1_samples": 0.8888888888888888,
  "per_label": {
    "business": {
      "precision": 0.6956521739130435,
      "recall": 0.8888888888888888,
      "f1": 0.7804878048780488,
      "support": 18
    },
    "entertainment": {
      "precision": 0.85,
      "recall": 0.9444444444444444,
      "f1": 0.8947368421052632,
      "support": 18
    },
    "health": {
      "precision": 0.9047619047619048,
      "recall": 1.0,
      "f1": 0.95,
      "support": 19
    }
  },
  "confusion_matrices": {
    "business": [
      [
        23,
        7
      ],
      [
        2,
        16
      ]
    ],
    "entertainment": [
      [
        27,
        3
      ],
      [
        1,
        17
      ]
    ],
    "health": [
      [
        27,
        2
      ],
      [
        0,
        19
      ]
    ]
  }
}